{"cameraMode":{"drawMode":0,"name":"Shaded","section":"Shading Mode"},"sceneLighting":true,"audioPlay":false,"sceneViewState":{"m_AlwaysRefresh":false,"showFog":true,"showSkybox":true,"showFlares":true,"showImageEffects":true,"showParticleSystems":true,"showVisualEffectGraphs":true,"m_FxEnabled":true},"in2DMode":false,"pivot":{"x":-2.014108657836914,"y":-0.3834705352783203,"z":1.4740204811096192},"rotation":{"x":0.10032907873392105,"y":0.00596968736499548,"z":-0.0006019817083142698,"w":0.9949359893798828},"size":4.417390823364258,"orthographic":false}